Original Image,Generated Image,new image
https://content.dashtoon.ai/user-uploaded-files/ee6e6b48-efc7-4ea3-ad0f-7853f2747a22.png,https://dev-content.dashtoon.ai/stability-images/d494f44e-6a95-4697-a3e9-f898c241fd46.png,data/output/row_0001/result.png
https://content.dashtoon.ai/user-uploaded-files/a0cbc434-9529-4588-a357-e6b7f712c562.png,https://dev-content.dashtoon.ai/stability-images/efc45287-396f-48f7-93a1-ccde56371d69.png,data/output/row_0002/result.png
https://content.dashtoon.ai/user-uploaded-files/001400c3-b0f4-4a06-85ed-98648c54ac44.png,https://dev-content.dashtoon.ai/stability-images/19fedcb9-f62a-4c83-b7a9-4c8019a42e4d.png,data/output/row_0003/result.png
https://content.dashtoon.ai/user-uploaded-files/8ce17d1b-90ef-4362-bd10-e5545aae55ab.png,https://dev-content.dashtoon.ai/stability-images/2be1155a-cf19-4f23-99c6-99b963df1bef.png,data/output/row_0004/result.png
https://content.dashtoon.ai/user-uploaded-files/98dc93c8-94d5-43fc-882d-85c4d6f06c0f.png,https://dev-content.dashtoon.ai/stability-images/918f9989-a873-4982-967f-d1418a1ae0ae.png,data/output/row_0005/result.png
https://content.dashtoon.ai/user-uploaded-files/0f3fd7a7-a84e-424f-b942-f57f62f8b391.png,https://dev-content.dashtoon.ai/stability-images/3ea474a5-0ed8-4e88-8e70-11ee35eb1ba4.png,data/output/row_0006/result.png
https://content.dashtoon.ai/user-uploaded-files/8ad15355-d4a2-481e-b2f5-8a3bf473020b.png,https://dev-content.dashtoon.ai/stability-images/074cb533-ae83-486d-92a9-76023d7ee364.png,data/output/row_0007/result.png
https://content.dashtoon.ai/user-uploaded-files/9fc0d2a6-094a-47f8-9be6-5daf188f4f2a.png,https://dev-content.dashtoon.ai/stability-images/896e1570-a2c2-4804-8426-5ea0d5d8223f.png,data/output/row_0008/result.png
https://content.dashtoon.ai/user-uploaded-files/b6206347-fcbb-445b-a6cb-2bf353e1bd74.png,https://dev-content.dashtoon.ai/stability-images/9165a732-b2e6-4f5b-8897-4d07682d0734.png,data/output/row_0009/result.png
https://content.dashtoon.ai/user-uploaded-files/58b6deb0-696c-4fab-ad55-146d7997591b.png,https://dev-content.dashtoon.ai/stability-images/d99c40d5-bf17-4c56-997c-65aa2df568c5.png,data/output/row_0010/result.png
https://content.dashtoon.ai/user-uploaded-files/00482712-8df4-4c0c-b404-cfbd3f4acb0c.png,https://dev-content.dashtoon.ai/stability-images/112934bd-048d-49de-a2d7-804d4cd67ac2.png,data/output/row_0011/result.png
https://content.dashtoon.ai/user-uploaded-files/a81a389c-ebde-480f-8896-67ef10ec4fcc.png,https://dev-content.dashtoon.ai/stability-images/998a847c-6529-4e9d-9c12-dbc46145dd1c.png,data/output/row_0012/result.png
https://content.dashtoon.ai/user-uploaded-files/2ed7f09e-a68c-4f02-9ba4-5a1495c62c6f.png,https://dev-content.dashtoon.ai/stability-images/5571edd0-56e2-4e99-b9ee-ff9089907cd5.png,data/output/row_0013/result.png
https://content.dashtoon.ai/user-uploaded-files/e6f9e324-d551-45da-80ae-e25c2d788180.png,https://dev-content.dashtoon.ai/stability-images/d2223ee1-197d-4efb-961e-fa92ff9b2660.png,data/output/row_0014/result.png
https://content.dashtoon.ai/user-uploaded-files/a1b42634-ffa3-4a16-9e78-5f1be3e69903.png,https://dev-content.dashtoon.ai/stability-images/e0d1196c-49ae-46fa-b72d-b585dddb356f.png,data/output/row_0015/result.png
https://content.dashtoon.ai/user-uploaded-files/03d56a11-2e72-4f62-9dc0-007a95c912c5.png,https://dev-content.dashtoon.ai/stability-images/cbbdbb33-023d-4121-bf31-114a02fd34ca.png,data/output/row_0016/result.png
https://content.dashtoon.ai/user-uploaded-files/771e9f39-478c-4b72-a5e0-07dc0afb3c7e.png,https://dev-content.dashtoon.ai/stability-images/9998a075-6b0a-4e08-ad2d-0491f21e79fb.png,data/output/row_0017/result.png
https://content.dashtoon.ai/user-uploaded-files/2b09ea8f-b082-4fc4-9bd2-7db6ddab72e7.png,https://dev-content.dashtoon.ai/stability-images/eb278417-5bc6-4db3-a293-62e07c03f04f.png,data/output/row_0018/result.png
https://content.dashtoon.ai/user-uploaded-files/bc7d29d8-7903-48cf-8b2c-700b4b0965ab.png,https://dev-content.dashtoon.ai/stability-images/da8f5b7b-e713-4310-be19-6fe399ef9a09.png,data/output/row_0019/result.png
https://content.dashtoon.ai/user-uploaded-files/93c52c7f-7c4d-4a49-9ee7-0f459eddf298.png,https://dev-content.dashtoon.ai/stability-images/eed48c38-09d5-48f8-a67c-7c8dc69f2c09.png,data/output/row_0020/result.png
https://content.dashtoon.ai/user-uploaded-files/8ab58312-19c2-48a2-baa6-54cf20966b92.png,https://dev-content.dashtoon.ai/stability-images/9965b5e9-1212-44b9-a19f-5c1895a8e85a.png,data/output/row_0021/result.png
https://content.dashtoon.ai/user-uploaded-files/6f55926d-fb13-45c8-8526-156b33f61e20.png,https://dev-content.dashtoon.ai/stability-images/b94a25e9-b097-4332-9eb1-fefe0ae3adb6.png,data/output/row_0022/result.png
https://content.dashtoon.ai/user-uploaded-files/cad6e0da-f607-4d3d-821a-36dfb9340a6b.png,https://dev-content.dashtoon.ai/stability-images/53af219d-d925-4d4b-88b2-87aa1c650849.png,data/output/row_0023/result.png
https://content.dashtoon.ai/user-uploaded-files/72714614-bd49-4abe-8590-897402b73c05.png,https://dev-content.dashtoon.ai/stability-images/d753ef61-04c0-4ae1-818a-3daae88804d4.png,data/output/row_0024/result.png
https://content.dashtoon.ai/user-uploaded-files/34586101-dacf-49c4-843f-41907a1a9dc3.png,https://dev-content.dashtoon.ai/stability-images/9f217d8e-599b-4cef-97d4-a6365b889ec6.png,data/output/row_0025/result.png
https://content.dashtoon.ai/user-uploaded-files/b69c155f-311d-4866-b634-33ed11100d7f.png,https://dev-content.dashtoon.ai/stability-images/a1c401ca-eceb-48f0-83c8-497539555367.png,data/output/row_0026/result.png
https://content.dashtoon.ai/user-uploaded-files/f04975c6-e26f-4481-9ed8-aad844624479.png,https://dev-content.dashtoon.ai/stability-images/5306dfaf-1dde-41f6-8ecb-4492f7c2c5b8.png,data/output/row_0027/result.png
https://content.dashtoon.ai/user-uploaded-files/8a9fdc5a-f918-4ecf-bfa9-6275dc2406a2.png,https://dev-content.dashtoon.ai/stability-images/6111ace1-ff56-4b38-acd5-a6774448ddb8.png,data/output/row_0028/result.png
https://content.dashtoon.ai/user-uploaded-files/1ef6ab02-58cc-42b4-a66c-dc6a3a148b0b.png,https://dev-content.dashtoon.ai/stability-images/2ac76df0-c77a-4100-8234-8eeaaa5730a4.png,data/output/row_0029/result.png
https://content.dashtoon.ai/user-uploaded-files/6072b022-2faf-4851-b29e-330eb03d6e50.png,https://dev-content.dashtoon.ai/stability-images/4fe8920a-40e4-4c64-98ea-c4b65c0328ca.png,data/output/row_0030/result.png
https://content.dashtoon.ai/user-uploaded-files/80998f95-3955-4652-99e3-d9972ad799ae.png,https://dev-content.dashtoon.ai/stability-images/bc5cf529-3eec-4221-9598-51524675cb55.png,data/output/row_0031/result.png
https://content.dashtoon.ai/user-uploaded-files/8f3d0d69-28c5-485c-8ff0-8f2c4df3e9a8.png,,data/output/row_0032/result.png
https://dev-content.dashtoon.ai/user-uploaded-files/b26d4a10-382c-42d4-a7d6-5d9c731f4002.png,https://dev-content.dashtoon.ai/stability-images/eba3e669-cd91-4e32-b2a3-fc6846df0058.png,data/output/row_0033/result.png
https://dev-content.dashtoon.ai/user-uploaded-files/65b621ef-1694-4153-9056-f9f05ed3a96e.png,https://dev-content.dashtoon.ai/stability-images/14c080e1-f15e-4a52-936d-7a8db8882e28.png,data/output/row_0034/result.png
https://dev-content.dashtoon.ai/user-uploaded-files/3e7074d3-3de4-4ee1-802b-7a4056e8e273.png,https://dev-content.dashtoon.ai/stability-images/f912b97e-80e1-4316-8629-f71fb806ce6e.png,data/output/row_0035/result.png
https://dev-content.dashtoon.ai/user-uploaded-files/64a5fcef-1620-4e64-9106-6476f10707f4.png,https://dev-content.dashtoon.ai/stability-images/47fa1d4f-4002-4ad8-ba09-74faa7bc90e1.png,data/output/row_0036/result.png
https://dev-content.dashtoon.ai/user-uploaded-files/8793a66e-b4b2-410d-8c38-9c709dc0eecf.png,https://dev-content.dashtoon.ai/stability-images/475e7fe2-98a4-4ed8-bcf3-a45fa3dd4443.png,data/output/row_0037/result.png
https://dev-content.dashtoon.ai/user-uploaded-files/77e4964f-13fb-43d7-9d50-8becf044c1a5.png,https://dev-content.dashtoon.ai/stability-images/8b3cf24b-897c-4f0d-89b2-e94713763032.png,data/output/row_0038/result.png
https://dev-content.dashtoon.ai/user-uploaded-files/0f1d31d8-c1f9-4e23-9232-37d60192316d.png,https://dev-content.dashtoon.ai/stability-images/feb45482-f598-42d2-9702-69ae6f703456.png,data/output/row_0039/result.png
https://dev-content.dashtoon.ai/user-uploaded-files/c7e8d0d2-1461-406d-b137-6695c5316f5f.png,https://dev-content.dashtoon.ai/stability-images/19dd8537-ee1c-4bc3-b801-aff205ac009b.png,data/output/row_0040/result.png
https://dev-content.dashtoon.ai/user-uploaded-files/27aeff7d-def1-4751-9ba0-a4f4923d789f.png,https://dev-content.dashtoon.ai/stability-images/8abb217d-70a0-43b9-943d-b433c2606919.png,data/output/row_0041/result.png
https://dev-content.dashtoon.ai/user-uploaded-files/a570ccfb-5143-4826-95d0-75c451491204.png,https://dev-content.dashtoon.ai/stability-images/b5798b3c-17f4-4c95-92fb-eaa036b88b73.png,data/output/row_0042/result.png
https://dev-content.dashtoon.ai/user-uploaded-files/986e9159-a864-4b4b-958b-76996f8ab66a.png,https://dev-content.dashtoon.ai/stability-images/d779b12b-c818-4ddc-b419-389e8e59e2a3.png,data/output/row_0043/result.png
https://dev-content.dashtoon.ai/user-uploaded-files/c9b48212-7e9f-49a9-b356-ec14255ea8c9.png,https://dev-content.dashtoon.ai/stability-images/b9c3abc6-fdd5-4094-99bd-1e69e68851c5.png,data/output/row_0044/result.png
https://dev-content.dashtoon.ai/user-uploaded-files/fe0e6fce-e485-4501-8372-26e7d8024115.png,https://dev-content.dashtoon.ai/stability-images/45de0764-1905-4024-bcc5-a8cf461ff500.png,data/output/row_0045/result.png
https://dev-content.dashtoon.ai/user-uploaded-files/8cd4dd4a-d473-401d-b62e-7d10de23cef7.png,https://dev-content.dashtoon.ai/stability-images/eeba7320-d3e9-4922-be9c-97a1884d967a.png,data/output/row_0046/result.png
https://dev-content.dashtoon.ai/user-uploaded-files/926cbb75-654b-4413-8091-c5603bd5d862.png,https://dev-content.dashtoon.ai/stability-images/87c27173-1830-4ffa-adad-832cc0cc2bbd.png,data/output/row_0047/result.png
https://dev-content.dashtoon.ai/user-uploaded-files/484c1f7f-16f8-4d40-9f00-75fc257a5077.png,https://dev-content.dashtoon.ai/stability-images/ba835fde-167d-4e52-9ae0-2987d1b066bb.png,data/output/row_0048/result.png
https://dev-content.dashtoon.ai/user-uploaded-files/a8534e8a-2974-426d-be4d-d1789d69a6e1.png,https://dev-content.dashtoon.ai/stability-images/013b18cd-face-4b01-8715-ac1b3268e8c0.png,data/output/row_0049/result.png
